DE CONTROL, 19343, 11
DE CONTROL, 16868, 11
DE CONTROL, 19421, 11
DE CONTROL, 17687, 11
DE CONTROL, 14308, 11
DE CONTROL, 18318, 11
DE CONTROL, 16029, 11
DE CONTROL, 10537, 11
DE CONTROL, 19669, 11
DE CONTROL, 12320, 11
DE CONTROL, 19662, 11
DE CONTROL, 17771, 11
DE CONTROL, 17366, 11
DE CONTROL, 18471, 11
DE CONTROL, 19143, 11
DE CONTROL, 17026, 11
DE CONTROL, 15022, 11
DE CONTROL, 17669, 11
DE CONTROL, 13489, 11
DE CONTROL, 13955, 11
DE CONTROL, 13536, 11
DE CONTROL, 18349, 11
DE CONTROL, 19789, 11
DE CONTROL, 16442, 11
