De control, 13993, 10
De control, 11268, 10
De control, 19578, 10
De control, 10180, 10
De control, 11150, 10
De control, 19575, 10
De control, 18999, 10
De control, 18552, 10
De control, 15542, 10
De control, 19004, 10
De control, 13993, 10
De control, 11268, 10
De control, 19578, 10
De control, 10180, 10
De control, 11150, 10
De control, 19575, 10
De control, 18999, 10
De control, 18552, 10
De control, 15542, 10
De control, 19004, 10
De mantenimiento, 16838, 10
De mantenimiento, 17892, 10
De mantenimiento, 16028, 10
De mantenimiento, 18157, 10
De mantenimiento, 17680, 10
De mantenimiento, 19246, 10
De mantenimiento, 17445, 10
De mantenimiento, 12689, 10
De mantenimiento, 15389, 10
De mantenimiento, 18048, 10
De desbordaje, 10190, 10
De desbordaje, 10309, 10
De desbordaje, 15222, 10
De desbordaje, 16224, 10
De desbordaje, 15633, 10
De desbordaje, 14624, 10
De desbordaje, 16790, 10
De desbordaje, 11735, 10
De desbordaje, 13968, 10
De desbordaje, 12029, 10
