De aterrizaje, 741, 10
De aterrizaje, 803,11
De aterrizaje, 373, 10
De aterrizaje, 596, 10
De aterrizaje, 753, 10
De aterrizaje, 398, 10
De aterrizaje, 854, 10
De aterrizaje, 645, 10
De aterrizaje, 918, 10
De aterrizaje, 323, 10
De aterrizaje, 741, 10
De aterrizaje, 803, 10
De aterrizaje, 373, 10
De aterrizaje, 596, 10
De aterrizaje, 753, 10
De aterrizaje, 398, 10
De aterrizaje, 854, 10
De aterrizaje, 645, 10
De aterrizaje, 918, 10
De aterrizaje, 323, 10
De despegue, 853, 10
De despegue, 384, 10
De despegue, 367, 10
De despegue, 656, 10
De despegue, 986, 10
De despegue, 885, 10
De despegue, 179, 10
De despegue, 855, 10
De despegue, 255, 10
De despegue, 394, 10
